{
    "rmse": 0.80510669763577,
    "mae": 0.6593828449896502,
    "r2": 0.008123974285559332
}